2023-10-18 22:22:07;0104600625314498215nVTGc93xr7R;4600625314498;Мороженое пломбир ванильный во взбитой шоколадной глазури;base1;None
2023-10-18 22:32:28;01046200326515282151N(rM93M6nW;4620032651528;Мороженое пломбир ванильный во взбитой шоколадной глазури;base1;None
2023-10-19 11:49:51;01046200326515282151N(rM93M6nW1;4620032651528;Мороженое пломбир ванильный во взбитой шоколадной глазури;base1;None
2023-10-19 11:49:55;01046200326515282151N(rM93M6nW3;4620032651528;Мороженое пломбир ванильный во взбитой шоколадной глазури;base1;None
2023-10-19 11:57:23;01046200326515282151N(rM93M6nW7;4620032651528;Мороженое пломбир ванильный во взбитой шоколадной глазури;base1;None
2023-10-19 12:02:55;01046200326515282151N(rM93M6nW5;4620032651528;Мороженое пломбир ванильный во взбитой шоколадной глазури;base1;None
2023-10-19 12:23:11;01046200326515282151N(rM93M6nW9;4620032651528;Мороженое пломбир ванильный во взбитой шоколадной глазури;base1;None
2023-10-19 12:23:15;01046200326515282151N(rM93M6nW11;4620032651528;Мороженое пломбир ванильный во взбитой шоколадной глазури;base1;None
2023-10-19 12:23:19;01046200326515282151N(rM93M6nW13;4620032651528;Мороженое пломбир ванильный во взбитой шоколадной глазури;base1;None
2023-10-19 12:23:23;01046200326515282151N(rM93M6nW15;4620032651528;Мороженое пломбир ванильный во взбитой шоколадной глазури;base1;None
2023-10-19 12:23:27;01046200326515282151N(rM93M6nW17;4620032651528;Мороженое пломбир ванильный во взбитой шоколадной глазури;base1;None
2023-10-19 12:23:31;01046200326515282151N(rM93M6nW19;4620032651528;Мороженое пломбир ванильный во взбитой шоколадной глазури;base1;None
2023-10-19 12:42:00;01046200326515282151N(rM93M6nW67;4620032651528;Мороженое пломбир ванильный во взбитой шоколадной глазури;base1;None
2023-10-19 12:42:15;01046200326515282151N(rM93M6nW114;4620032651528;Мороженое пломбир ванильный во взбитой шоколадной глазури;base1;None
2023-10-19 12:42:15;01046200326515282151N(rM93M6nW63;4620032651528;Мороженое пломбир ванильный во взбитой шоколадной глазури;base1;None
2023-10-19 12:42:23;01046200326515282151N(rM93M6nW34;4620032651528;Мороженое пломбир ванильный во взбитой шоколадной глазури;base1;None
2023-10-19 12:50:47;01046200326515282151N(rM93M6nW28;4620032651528;Мороженое пломбир ванильный во взбитой шоколадной глазури;base1;None
2023-10-19 12:51:00;01046200326515282151N(rM93M6nW10;4620032651528;Мороженое пломбир ванильный во взбитой шоколадной глазури;base1;None
2023-10-19 12:51:08;01046200326515282151N(rM93M6nW82;4620032651528;Мороженое пломбир ванильный во взбитой шоколадной глазури;base1;None
2023-10-19 12:51:24;01046200326515282151N(rM93M6nW38;4620032651528;Мороженое пломбир ванильный во взбитой шоколадной глазури;base1;None
2023-10-19 12:54:42;01046200326515282151N(rM93M6nW36;4620032651528;Мороженое пломбир ванильный во взбитой шоколадной глазури;base1;None
2023-10-19 12:54:44;01046200326515282151N(rM93M6nW27;4620032651528;Мороженое пломбир ванильный во взбитой шоколадной глазури;base1;None
2023-10-19 12:54:49;01046200326515282151N(rM93M6nW37;4620032651528;Мороженое пломбир ванильный во взбитой шоколадной глазури;base1;None
2023-10-19 12:54:57;01046200326515282151N(rM93M6nW44;4620032651528;Мороженое пломбир ванильный во взбитой шоколадной глазури;base1;None
2023-10-19 12:55:01;01046200326515282151N(rM93M6nW25;4620032651528;Мороженое пломбир ванильный во взбитой шоколадной глазури;base1;None
2023-10-19 12:55:05;01046200326515282151N(rM93M6nW20;4620032651528;Мороженое пломбир ванильный во взбитой шоколадной глазури;base1;None
2023-10-19 12:55:56;01046200326515282151N(rM93M6nW73;4620032651528;Мороженое пломбир ванильный во взбитой шоколадной глазури;base1;None
2023-10-19 12:55:56;01046200326515282151N(rM93M6nW95;4620032651528;Мороженое пломбир ванильный во взбитой шоколадной глазури;base1;None
2023-10-19 12:56:08;01046200326515282151N(rM93M6nW23;4620032651528;Мороженое пломбир ванильный во взбитой шоколадной глазури;base1;None
2023-10-19 12:56:08;01046200326515282151N(rM93M6nW35;4620032651528;Мороженое пломбир ванильный во взбитой шоколадной глазури;base1;None
2023-10-19 12:56:12;01046200326515282151N(rM93M6nW81;4620032651528;Мороженое пломбир ванильный во взбитой шоколадной глазури;base1;None
2023-10-19 12:56:24;01046200326515282151N(rM93M6nW18;4620032651528;Мороженое пломбир ванильный во взбитой шоколадной глазури;base1;None
2023-10-19 12:56:28;01046200326515282151N(rM93M6nW58;4620032651528;Мороженое пломбир ванильный во взбитой шоколадной глазури;base1;None
2023-10-19 13:13:50;01046200326515282151N(rM93M6nW110;4620032651528;Мороженое пломбир ванильный во взбитой шоколадной глазури;base1;None
2023-10-19 13:13:58;01046200326515282151N(rM93M6nW72;4620032651528;Мороженое пломбир ванильный во взбитой шоколадной глазури;base1;None
2023-10-19 13:14:02;01046200326515282151N(rM93M6nW87;4620032651528;Мороженое пломбир ванильный во взбитой шоколадной глазури;base1;None
2023-10-19 13:14:06;01046200326515282151N(rM93M6nW42;4620032651528;Мороженое пломбир ванильный во взбитой шоколадной глазури;base1;None
2023-10-19 13:14:11;01046200326515282151N(rM93M6nW40;4620032651528;Мороженое пломбир ванильный во взбитой шоколадной глазури;base1;None
2023-10-19 13:14:27;01046200326515282151N(rM93M6nW93;4620032651528;Мороженое пломбир ванильный во взбитой шоколадной глазури;base1;None
2023-10-19 13:14:45;01046200326515282151N(rM93M6nW21;4620032651528;Мороженое пломбир ванильный во взбитой шоколадной глазури;base1;None
2023-10-19 13:14:53;01046200326515282151N(rM93M6nW71;4620032651528;Мороженое пломбир ванильный во взбитой шоколадной глазури;base1;None
2023-10-19 13:15:01;01046200326515282151N(rM93M6nW54;4620032651528;Мороженое пломбир ванильный во взбитой шоколадной глазури;base1;None
2023-10-19 13:15:05;01046200326515282151N(rM93M6nW2;4620032651528;Мороженое пломбир ванильный во взбитой шоколадной глазури;base1;None
2023-10-19 13:15:09;01046200326515282151N(rM93M6nW84;4620032651528;Мороженое пломбир ванильный во взбитой шоколадной глазури;base1;None
2023-10-19 13:15:14;01046200326515282151N(rM93M6nW89;4620032651528;Мороженое пломбир ванильный во взбитой шоколадной глазури;base1;None
2023-10-19 13:15:17;01046200326515282151N(rM93M6nW14;4620032651528;Мороженое пломбир ванильный во взбитой шоколадной глазури;base1;None
2023-10-19 13:18:12;01046200326515282151N(rM93M6nW102;4620032651528;Мороженое пломбир ванильный во взбитой шоколадной глазури;base1;None
2023-10-19 13:18:16;01046200326515282151N(rM93M6nW79;4620032651528;Мороженое пломбир ванильный во взбитой шоколадной глазури;base1;None
2023-10-19 13:18:28;01046200326515282151N(rM93M6nW55;4620032651528;Мороженое пломбир ванильный во взбитой шоколадной глазури;base1;None
2023-10-19 13:18:36;01046200326515282151N(rM93M6nW100;4620032651528;Мороженое пломбир ванильный во взбитой шоколадной глазури;base1;None
2023-10-19 13:18:36;01046200326515282151N(rM93M6nW98;4620032651528;Мороженое пломбир ванильный во взбитой шоколадной глазури;base1;None
2023-10-19 13:18:40;01046200326515282151N(rM93M6nW117;4620032651528;Мороженое пломбир ванильный во взбитой шоколадной глазури;base1;None
2023-10-19 13:26:04;01046200326515282151N(rM93M6nW0;4620032651528;Мороженое пломбир ванильный во взбитой шоколадной глазури;base1;COM9
2023-10-19 13:26:13;01046200326515282151N(rM93M6nW111;4620032651528;Мороженое пломбир ванильный во взбитой шоколадной глазури;base1;COM9
2023-10-19 13:26:17;01046200326515282151N(rM93M6nW74;4620032651528;Мороженое пломбир ванильный во взбитой шоколадной глазури;base1;COM9
2023-10-19 13:26:22;01046200326515282151N(rM93M6nW124;4620032651528;Мороженое пломбир ванильный во взбитой шоколадной глазури;base1;COM9
2023-10-19 13:26:30;01046200326515282151N(rM93M6nW121;4620032651528;Мороженое пломбир ванильный во взбитой шоколадной глазури;base1;COM9
2023-10-19 13:26:37;01046200326515282151N(rM93M6nW22;4620032651528;Мороженое пломбир ванильный во взбитой шоколадной глазури;base1;COM9
2023-10-19 13:45:34;01046200326515282151N(rM93M6nW85;4620032651528;Мороженое пломбир ванильный во взбитой шоколадной глазури;base1;COM9
2023-10-19 13:47:13;"01046200326515282151N(rM93M6nW80";4620032651528;Мороженое пломбир ванильный во взбитой шоколадной глазури;base1;COM8
2023-10-20 16:45:26;01046200326515282151N(rM93M6nW90;4620032651528;Мороженое пломбир ванильный во взбитой шоколадной глазури;base1;COM8
2023-10-20 16:48:30;01046200326515282151N(rM93M6nW103;4620032651528;Мороженое пломбир ванильный во взбитой шоколадной глазури;base1;COM8
2023-10-20 16:48:30;"01046200326515282151N(rM93M6nW570";4620032651528;Мороженое пломбир ванильный во взбитой шоколадной глазури;base1;COM8
2023-10-20 16:48:49;01046200326515282151N(rM93M6nW8;4620032651528;Мороженое пломбир ванильный во взбитой шоколадной глазури;base1;COM8
2023-10-20 16:48:52;01046200326515282151N(rM93M6nW6;4620032651528;Мороженое пломбир ванильный во взбитой шоколадной глазури;base1;COM8
2023-10-20 16:49:19;01046200326515282151N(rM93M6nW75;4620032651528;Мороженое пломбир ванильный во взбитой шоколадной глазури;base1;COM8
2023-10-20 21:46:03;01046200326515282151N(rM93M6nW120;4620032651528;Мороженое пломбир ванильный во взбитой шоколадной глазури;base1;COM4
2023-10-20 21:49:29;0104620032652075215-v0sl9309f0;4620032652075;Мороженое пломбир ванильный во взбитой шоколадной глазури;base1;COM4
2023-10-20 22:11:16;0104620032652471215.62Oc93m57q;4620032652471;Мороженое пломбир ванильный во взбитой шоколадной глазури;base1;COM3
2023-10-20 23:44:40;01046200326515282151N(rM93M6nW64;4620032651528;Мороженое пломбир ванильный во взбитой шоколадной глазури;base1;COM3
2023-10-20 23:44:47;01046200326515282151N(rM93M6nW109;4620032651528;Мороженое пломбир ванильный во взбитой шоколадной глазури;base1;COM3
2023-10-20 23:44:52;01046200326515282151N(rM93M6nW65;4620032651528;Мороженое пломбир ванильный во взбитой шоколадной глазури;base1;COM4
2023-10-20 23:44:52;01046200326515282151N(rM93M6nW88;4620032651528;Мороженое пломбир ванильный во взбитой шоколадной глазури;base1;COM3
2023-10-20 23:45:03;01046200326515282151N(rM93M6nW56;4620032651528;Мороженое пломбир ванильный во взбитой шоколадной глазури;base1;COM3
2023-10-20 23:49:37;01046200326515282151N(rM93M6nW24;4620032651528;Мороженое пломбир ванильный во взбитой шоколадной глазури;base1;COM4
2023-10-20 23:49:50;01046200326515282151N(rM93M6nW50;4620032651528;Мороженое пломбир ванильный во взбитой шоколадной глазури;base1;COM4
2023-10-20 23:50:01;01046200326515282151N(rM93M6nW91;4620032651528;Мороженое пломбир ванильный во взбитой шоколадной глазури;base1;COM3
2023-10-20 23:50:07;01046200326515282151N(rM93M6nW47;4620032651528;Мороженое пломбир ванильный во взбитой шоколадной глазури;base1;COM3
2023-10-20 23:50:14;01046200326515282151N(rM93M6nW69;4620032651528;Мороженое пломбир ванильный во взбитой шоколадной глазури;base1;COM4
2023-10-20 23:54:29;01046200326515282151N(rM93M6nW30;4620032651528;Мороженое пломбир ванильный во взбитой шоколадной глазури;base1;COM4
2023-10-20 23:54:43;01046200326515282151N(rM93M6nW45;4620032651528;Мороженое пломбир ванильный во взбитой шоколадной глазури;base1;COM3
2023-10-20 23:54:44;01046200326515282151N(rM93M6nW29;4620032651528;Мороженое пломбир ванильный во взбитой шоколадной глазури;base1;COM4
2023-10-20 23:55:04;01046200326515282151N(rM93M6nW80;4620032651528;Мороженое пломбир ванильный во взбитой шоколадной глазури;base1;COM4
2023-10-20 23:55:08;01046200326515282151N(rM93M6nW123;4620032651528;Мороженое пломбир ванильный во взбитой шоколадной глазури;base1;COM4
2023-10-20 23:55:12;01046200326515282151N(rM93M6nW59;4620032651528;Мороженое пломбир ванильный во взбитой шоколадной глазури;base1;COM4
2023-10-20 23:55:16;01046200326515282151N(rM93M6nW119;4620032651528;Мороженое пломбир ванильный во взбитой шоколадной глазури;base1;COM4
2023-10-20 23:55:38;01046200326515282151N(rM93M6nW46;4620032651528;Мороженое пломбир ванильный во взбитой шоколадной глазури;base1;COM3
2023-10-20 23:55:38;01046200326515282151N(rM93M6nW115;4620032651528;Мороженое пломбир ванильный во взбитой шоколадной глазури;base1;COM4
2023-10-20 23:55:46;01046200326515282151N(rM93M6nW107;4620032651528;Мороженое пломбир ванильный во взбитой шоколадной глазури;base1;COM4
2023-10-20 23:55:54;01046200326515282151N(rM93M6nW52;4620032651528;Мороженое пломбир ванильный во взбитой шоколадной глазури;base1;COM4
2023-10-20 23:58:03;01046200326515282151N(rM93M6nW4;4620032651528;Мороженое пломбир ванильный во взбитой шоколадной глазури;base1;COM3
2023-10-20 23:58:20;01046200326515282151N(rM93M6nW108;4620032651528;Мороженое пломбир ванильный во взбитой шоколадной глазури;base1;COM3
2023-11-14 19:41:20;0104607067938374215bQWmf93j13K;4607067938374;Мороженое пломбир ванильный во взбитой шоколадной глазури;base1;igla1
2023-11-24 18:14:27;01046200326515282151N(rM93M6nW104;4620032651528;Мороженое пломбир ванильный во взбитой шоколадной глазури;base1;igla4
2023-11-24 18:16:26;01046200326515282151N(rM93M6nW99;4620032651528;Мороженое пломбир ванильный во взбитой шоколадной глазури;base1;igla4
2023-11-24 18:16:29;01046200326515282151N(rM93M6nW60;4620032651528;Мороженое пломбир ванильный во взбитой шоколадной глазури;base1;igla4
2023-11-24 18:16:31;01046200326515282151N(rM93M6nW83;4620032651528;Мороженое пломбир ванильный во взбитой шоколадной глазури;base1;igla4
2023-11-24 18:17:34;01046200326515282151N(rM93M6nW12;4620032651528;Мороженое пломбир ванильный во взбитой шоколадной глазури;base1;igla4
2023-11-24 18:17:37;01046200326515282151N(rM93M6nW48;4620032651528;Мороженое пломбир ванильный во взбитой шоколадной глазури;base1;igla4
