2023-10-30 22:23:59;01046200326515282151N(rM93M6nW;4620032651528;Мороженое пломбир ванильный во взбитой шоколадной глазури;base1;OS
2023-10-30 22:24:32;01046200326515282151N(rM93M6nW87;4620032651528;Мороженое пломбир ванильный во взбитой шоколадной глазури;base1;COM3
2023-10-30 22:24:35;01046200326515282151N(rM93M6nW60;4620032651528;Мороженое пломбир ванильный во взбитой шоколадной глазури;base1;COM4
2023-10-30 22:24:42;01046200326515282151N(rM93M6nW7;4620032651528;Мороженое пломбир ванильный во взбитой шоколадной глазури;base1;COM3
2023-10-30 22:24:44;01046200326515282151N(rM93M6nW101;4620032651528;Мороженое пломбир ванильный во взбитой шоколадной глазури;base1;COM3
2023-10-30 22:24:45;01046200326515282151N(rM93M6nW54;4620032651528;Мороженое пломбир ванильный во взбитой шоколадной глазури;base1;COM4
2023-10-30 22:24:46;01046200326515282151N(rM93M6nW62;4620032651528;Мороженое пломбир ванильный во взбитой шоколадной глазури;base1;COM4
2023-10-30 22:24:47;01046200326515282151N(rM93M6nW121;4620032651528;Мороженое пломбир ванильный во взбитой шоколадной глазури;base1;COM4
2023-10-30 22:24:48;01046200326515282151N(rM93M6nW38;4620032651528;Мороженое пломбир ванильный во взбитой шоколадной глазури;base1;COM3
2023-10-30 22:24:48;01046200326515282151N(rM93M6nW55;4620032651528;Мороженое пломбир ванильный во взбитой шоколадной глазури;base1;COM4
2023-10-30 22:24:48;01046200326515282151N(rM93M6nW18;4620032651528;Мороженое пломбир ванильный во взбитой шоколадной глазури;base1;COM3
2023-10-30 22:24:49;01046200326515282151N(rM93M6nW70;4620032651528;Мороженое пломбир ванильный во взбитой шоколадной глазури;base1;COM4
2023-10-30 22:24:49;01046200326515282151N(rM93M6nW98;4620032651528;Мороженое пломбир ванильный во взбитой шоколадной глазури;base1;COM3
2023-10-30 22:24:50;01046200326515282151N(rM93M6nW50;4620032651528;Мороженое пломбир ванильный во взбитой шоколадной глазури;base1;COM3
2023-10-30 22:24:51;01046200326515282151N(rM93M6nW2;4620032651528;Мороженое пломбир ванильный во взбитой шоколадной глазури;base1;COM4
2023-10-30 22:24:51;01046200326515282151N(rM93M6nW11;4620032651528;Мороженое пломбир ванильный во взбитой шоколадной глазури;base1;COM3
2023-10-30 22:24:52;01046200326515282151N(rM93M6nW71;4620032651528;Мороженое пломбир ванильный во взбитой шоколадной глазури;base1;COM4
2023-10-30 22:24:52;01046200326515282151N(rM93M6nW26;4620032651528;Мороженое пломбир ванильный во взбитой шоколадной глазури;base1;COM3
2023-10-30 22:24:56;01046200326515282151N(rM93M6nW27;4620032651528;Мороженое пломбир ванильный во взбитой шоколадной глазури;base1;COM3
2023-10-30 22:24:57;01046200326515282151N(rM93M6nW111;4620032651528;Мороженое пломбир ванильный во взбитой шоколадной глазури;base1;COM4
2023-10-30 22:24:57;01046200326515282151N(rM93M6nW118;4620032651528;Мороженое пломбир ванильный во взбитой шоколадной глазури;base1;COM3
2023-10-30 22:25:01;01046200326515282151N(rM93M6nW78;4620032651528;Мороженое пломбир ванильный во взбитой шоколадной глазури;base1;COM4
2023-10-30 22:25:01;01046200326515282151N(rM93M6nW80;4620032651528;Мороженое пломбир ванильный во взбитой шоколадной глазури;base1;COM3
2023-11-02 11:16:09;01046200326515282151N(rM93M6nW66;4620032651528;Мороженое пломбир ванильный во взбитой шоколадной глазури;base1;igla1
2023-11-02 11:18:29;01046200326515282151N(rM93M6nW105;4620032651528;Мороженое пломбир ванильный во взбитой шоколадной глазури;base1;igla1
2023-11-02 11:18:41;01046200326515282151N(rM93M6nW73;4620032651528;Мороженое пломбир ванильный во взбитой шоколадной глазури;base1;igla1
2023-11-02 11:18:47;01046200326515282151N(rM93M6nW120;4620032651528;Мороженое пломбир ванильный во взбитой шоколадной глазури;base1;igla1
2023-11-02 11:22:06;01046200326515282151N(rM93M6nW15;4620032651528;Мороженое пломбир ванильный во взбитой шоколадной глазури;base1;igla1
2023-11-02 11:22:52;01046200326515282151N(rM93M6nW65;4620032651528;Мороженое пломбир ванильный во взбитой шоколадной глазури;base1;igla1
2023-11-02 11:22:53;01046200326515282151N(rM93M6nW115;4620032651528;Мороженое пломбир ванильный во взбитой шоколадной глазури;base1;igla1
2023-11-02 11:22:54;01046200326515282151N(rM93M6nW74;4620032651528;Мороженое пломбир ванильный во взбитой шоколадной глазури;base1;igla1
2023-11-02 11:22:55;01046200326515282151N(rM93M6nW5;4620032651528;Мороженое пломбир ванильный во взбитой шоколадной глазури;base1;igla1
2023-11-02 11:22:57;01046200326515282151N(rM93M6nW125;4620032651528;Мороженое пломбир ванильный во взбитой шоколадной глазури;base1;igla1
2023-11-02 11:23:00;01046200326515282151N(rM93M6nW104;4620032651528;Мороженое пломбир ванильный во взбитой шоколадной глазури;base1;igla1
2023-11-02 11:23:02;01046200326515282151N(rM93M6nW48;4620032651528;Мороженое пломбир ванильный во взбитой шоколадной глазури;base1;igla1
2023-11-02 11:23:05;01046200326515282151N(rM93M6nW47;4620032651528;Мороженое пломбир ванильный во взбитой шоколадной глазури;base1;igla1
2023-11-02 11:23:07;01046200326515282151N(rM93M6nW116;4620032651528;Мороженое пломбир ванильный во взбитой шоколадной глазури;base1;igla1
2023-11-02 11:23:10;01046200326515282151N(rM93M6nW21;4620032651528;Мороженое пломбир ванильный во взбитой шоколадной глазури;base1;igla1
2023-11-02 11:26:43;01046200326515282151N(rM93M6nW93;4620032651528;Мороженое пломбир ванильный во взбитой шоколадной глазури;base1;igla1
2023-11-02 11:26:44;01046200326515282151N(rM93M6nW14;4620032651528;Мороженое пломбир ванильный во взбитой шоколадной глазури;base1;igla1
2023-11-02 11:26:46;01046200326515282151N(rM93M6nW22;4620032651528;Мороженое пломбир ванильный во взбитой шоколадной глазури;base1;igla1
2023-11-02 11:26:47;01046200326515282151N(rM93M6nW124;4620032651528;Мороженое пломбир ванильный во взбитой шоколадной глазури;base1;igla1
2023-11-02 11:26:49;01046200326515282151N(rM93M6nW123;4620032651528;Мороженое пломбир ванильный во взбитой шоколадной глазури;base1;igla1
2023-11-02 11:26:51;01046200326515282151N(rM93M6nW29;4620032651528;Мороженое пломбир ванильный во взбитой шоколадной глазури;base1;igla1
2023-11-02 11:26:56;01046200326515282151N(rM93M6nW75;4620032651528;Мороженое пломбир ванильный во взбитой шоколадной глазури;base1;igla1
2023-11-02 11:26:57;01046200326515282151N(rM93M6nW25;4620032651528;Мороженое пломбир ванильный во взбитой шоколадной глазури;base1;igla1
2023-11-02 11:27:01;01046200326515282151N(rM93M6nW32;4620032651528;Мороженое пломбир ванильный во взбитой шоколадной глазури;base1;igla1
2023-11-02 11:27:02;01046200326515282151N(rM93M6nW17;4620032651528;Мороженое пломбир ванильный во взбитой шоколадной глазури;base1;igla1
2023-11-02 11:27:04;01046200326515282151N(rM93M6nW30;4620032651528;Мороженое пломбир ванильный во взбитой шоколадной глазури;base1;igla1
2023-11-02 11:32:49;01046200326515282151N(rM93M6nW106;4620032651528;Мороженое пломбир ванильный во взбитой шоколадной глазури;base1;igla1
2023-11-02 11:33:00;01046200326515282151N(rM93M6nW109;4620032651528;Мороженое пломбир ванильный во взбитой шоколадной глазури;base1;igla1
2023-11-02 11:33:01;01046200326515282151N(rM93M6nW99;4620032651528;Мороженое пломбир ванильный во взбитой шоколадной глазури;base1;igla1
2023-11-02 11:33:19;01046200326515282151N(rM93M6nW6;4620032651528;Мороженое пломбир ванильный во взбитой шоколадной глазури;base1;igla1
2023-11-02 11:33:21;"01046200326515282151N(rM93M6nW8701046200326515282151N(rM93M6nW30";4620032651528;Мороженое пломбир ванильный во взбитой шоколадной глазури;base1;igla1
2023-11-02 11:33:24;01046200326515282151N(rM93M6nW19;4620032651528;Мороженое пломбир ванильный во взбитой шоколадной глазури;base1;igla1
2023-11-02 11:33:26;01046200326515282151N(rM93M6nW16;4620032651528;Мороженое пломбир ванильный во взбитой шоколадной глазури;base1;igla1
2023-11-02 11:33:31;01046200326515282151N(rM93M6nW117;4620032651528;Мороженое пломбир ванильный во взбитой шоколадной глазури;base1;igla1
2023-11-02 11:33:33;01046200326515282151N(rM93M6nW49;4620032651528;Мороженое пломбир ванильный во взбитой шоколадной глазури;base1;igla1
2023-11-02 11:33:37;01046200326515282151N(rM93M6nW9;4620032651528;Мороженое пломбир ванильный во взбитой шоколадной глазури;base1;igla1
2023-11-02 11:51:19;01046200326515282151N(rM93M6nW0;4620032651528;Мороженое пломбир ванильный во взбитой шоколадной глазури;base1;igla1
2023-11-02 11:51:25;01046200326515282151N(rM93M6nW81;4620032651528;Мороженое пломбир ванильный во взбитой шоколадной глазури;base1;igla1
2023-11-02 11:51:27;01046200326515282151N(rM93M6nW12;4620032651528;Мороженое пломбир ванильный во взбитой шоколадной глазури;base1;igla1
2023-11-02 11:51:28;01046200326515282151N(rM93M6nW42;4620032651528;Мороженое пломбир ванильный во взбитой шоколадной глазури;base1;igla1
2023-11-02 12:01:16;01046200326515282151N(rM93M6nW3;4620032651528;Мороженое пломбир ванильный во взбитой шоколадной глазури;base1;igla1
